,id,name,email,puppy_id
0,1,Thang,thang@gmail.com,11
1,2,Kimmie,kimmie@gmail.com,1
2,3,Alex,alex@gmail.com,2
3,4,Drum,drum@outlook.com,3
4,5,Emily,emily@gmail.com,4
5,6,Blake,blake@outlook.com,5
6,7,Anthony,anthony@gmail.com,6
7,8,Kelsey,kelsey@hotmail.com,7
8,9,Curtis,curtis@outlook.com,8
9,10,Ian,ian@aol.com,9
10,11,Steve,steve@gmail.com,10
